id;alive;dead;total;prop_alive;rep;worm;bac;infection;conc;bt_conc_ordered;exp;bac2
17;19;4;23;0.83;3;my316;MT12;BT247;100;2_247_100;exp1;MT12 (wrinkly)
17;16;1;17;0.94;2;my316;MT12;BT247;100;2_247_100;exp1;MT12 (wrinkly)
17;21;0;21;1;1;my316;MT12;BT247;100;2_247_100;exp1;MT12 (wrinkly)
25;14;7;21;0.67;2;my316;MT11;BT247;100;2_247_100;exp1;MT11 (ancestral-like, slightly fuzzy)
25;23;3;26;0.88;3;my316;MT11;BT247;100;2_247_100;exp1;MT11 (ancestral-like, slightly fuzzy)
25;22;4;26;0.85;1;my316;MT11;BT247;100;2_247_100;exp1;MT11 (ancestral-like, slightly fuzzy)
28;4;4;8;0.5;2;my316;MT12;BT247;50;3_247_50;exp1;MT12 (wrinkly)
28;8;9;17;0.47;3;my316;MT12;BT247;50;3_247_50;exp1;MT12 (wrinkly)
28;12;6;18;0.67;1;my316;MT12;BT247;50;3_247_50;exp1;MT12 (wrinkly)
30;17;1;18;0.94;3;my316;MT13;BT247;100;2_247_100;exp1;MT13 (ancestral-like, colony size variation)
30;18;0;18;1;1;my316;MT13;BT247;100;2_247_100;exp1;MT13 (ancestral-like, colony size variation)
30;20;0;20;1;2;my316;MT13;BT247;100;2_247_100;exp1;MT13 (ancestral-like, colony size variation)
31;16;7;23;0.7;2;my316;OP50;BT247;100;2_247_100;exp1;OP50
31;35;2;37;0.95;1;my316;OP50;BT247;100;2_247_100;exp1;OP50
31;24;2;26;0.92;1;my316;OP50;BT247;100;2_247_100;exp1;OP50
34;10;8;18;0.56;3;my316;OP50;BT247;50;3_247_50;exp1;OP50
34;31;33;64;0.48;1;my316;OP50;BT247;50;3_247_50;exp1;OP50
34;28;17;45;0.62;2;my316;OP50;BT247;50;3_247_50;exp1;OP50
39;6;7;13;0.46;2;my316;MYb11;BT247;25;4_247_25;exp1;MYb11
39;11;5;16;0.69;3;my316;MYb11;BT247;25;4_247_25;exp1;MYb11
39;8;10;18;0.44;1;my316;MYb11;BT247;25;4_247_25;exp1;MYb11
47;10;7;17;0.59;2;my316;MT12;BT247;25;4_247_25;exp1;MT12 (wrinkly)
47;8;5;13;0.62;1;my316;MT12;BT247;25;4_247_25;exp1;MT12 (wrinkly)
47;4;13;17;0.24;3;my316;MT12;BT247;25;4_247_25;exp1;MT12 (wrinkly)
48;25;0;25;1;2;my316;OP50;BT407;25;1_407_25;exp1;OP50
48;26;0;26;1;1;my316;OP50;BT407;25;1_407_25;exp1;OP50
48;24;0;24;1;3;my316;OP50;BT407;25;1_407_25;exp1;OP50
53;27;0;27;1;1;my316;MT12;BT407;25;1_407_25;exp1;MT12 (wrinkly)
53;35;0;35;1;3;my316;MT12;BT407;25;1_407_25;exp1;MT12 (wrinkly)
53;48;0;48;1;2;my316;MT12;BT407;25;1_407_25;exp1;MT12 (wrinkly)
54;1;25;26;0.04;3;my316;MT11;BT247;25;4_247_25;exp1;MT11 (ancestral-like, slightly fuzzy)
54;6;32;38;0.16;1;my316;MT11;BT247;25;4_247_25;exp1;MT11 (ancestral-like, slightly fuzzy)
54;5;16;21;0.24;2;my316;MT11;BT247;25;4_247_25;exp1;MT11 (ancestral-like, slightly fuzzy)
56;5;12;17;0.29;3;my316;OP50;BT247;25;4_247_25;exp1;OP50
56;7;11;18;0.39;2;my316;OP50;BT247;25;4_247_25;exp1;OP50
56;4;8;12;0.33;1;my316;OP50;BT247;25;4_247_25;exp1;OP50
60;31;0;31;1;3;my316;MT11;BT407;25;1_407_25;exp1;MT11 (ancestral-like, slightly fuzzy)
60;32;0;32;1;2;my316;MT11;BT407;25;1_407_25;exp1;MT11 (ancestral-like, slightly fuzzy)
60;31;0;31;1;1;my316;MT11;BT407;25;1_407_25;exp1;MT11 (ancestral-like, slightly fuzzy)
68;15;6;21;0.71;1;my316;MT13;BT247;25;4_247_25;exp1;MT13 (ancestral-like, colony size variation)
68;13;2;15;0.87;3;my316;MT13;BT247;25;4_247_25;exp1;MT13 (ancestral-like, colony size variation)
68;15;7;22;0.68;2;my316;MT13;BT247;25;4_247_25;exp1;MT13 (ancestral-like, colony size variation)
70;53;0;53;1;2;my316;MT13;BT407;25;1_407_25;exp1;MT13 (ancestral-like, colony size variation)
70;31;0;31;1;3;my316;MT13;BT407;25;1_407_25;exp1;MT13 (ancestral-like, colony size variation)
70;31;0;31;1;1;my316;MT13;BT407;25;1_407_25;exp1;MT13 (ancestral-like, colony size variation)
71;15;2;17;0.88;3;my316;MT13;BT247;50;3_247_50;exp1;MT13 (ancestral-like, colony size variation)
71;18;2;20;0.9;2;my316;MT13;BT247;50;3_247_50;exp1;MT13 (ancestral-like, colony size variation)
71;19;2;21;0.9;1;my316;MT13;BT247;50;3_247_50;exp1;MT13 (ancestral-like, colony size variation)
81;17;17;34;0.5;3;my316;MT11;BT247;50;3_247_50;exp1;MT11 (ancestral-like, slightly fuzzy)
81;9;9;18;0.5;2;my316;MT11;BT247;50;3_247_50;exp1;MT11 (ancestral-like, slightly fuzzy)
81;8;6;14;0.57;1;my316;MT11;BT247;50;3_247_50;exp1;MT11 (ancestral-like, slightly fuzzy)
84;33;0;33;1;3;my316;MYb11;BT407;25;1_407_25;exp1;MYb11
84;22;0;22;1;1;my316;MYb11;BT407;25;1_407_25;exp1;MYb11
84;23;1;24;0.96;2;my316;MYb11;BT407;25;1_407_25;exp1;MYb11
86;5;1;6;0.83;3;my316;MYb11;BT247;50;3_247_50;exp1;MYb11
86;16;2;18;0.89;1;my316;MYb11;BT247;50;3_247_50;exp1;MYb11
86;16;1;17;0.94;2;my316;MYb11;BT247;50;3_247_50;exp1;MYb11
87;11;1;12;0.92;3;my316;MYb11;BT247;100;2_247_100;exp1;MYb11
87;15;0;15;1;2;my316;MYb11;BT247;100;2_247_100;exp1;MYb11
87;37;1;38;0.97;1;my316;MYb11;BT247;100;2_247_100;exp1;MYb11
16;13;12;25;0.52;1;my316;MT11;BT247;50;3_247_50;exp2;MT11 (ancestral-like, slightly fuzzy)
16;7;31;38;0.18;2;my316;MT11;BT247;50;3_247_50;exp2;MT11 (ancestral-like, slightly fuzzy)
16;8;25;33;0.24;3;my316;MT11;BT247;50;3_247_50;exp2;MT11 (ancestral-like, slightly fuzzy)
22;22;7;29;0.76;2;my316;MT13;BT247;50;3_247_50;exp2;MT13 (ancestral-like, colony size variation)
22;25;8;33;0.76;1;my316;MT13;BT247;50;3_247_50;exp2;MT13 (ancestral-like, colony size variation)
22;25;8;33;0.76;3;my316;MT13;BT247;50;3_247_50;exp2;MT13 (ancestral-like, colony size variation)
36;34;3;37;0.92;2;my316;MT12;BT247;50;3_247_50;exp2;MT12 (wrinkly)
36;24;6;30;0.8;3;my316;MT12;BT247;50;3_247_50;exp2;MT12 (wrinkly)
36;18;5;23;0.78;1;my316;MT12;BT247;50;3_247_50;exp2;MT12 (wrinkly)
37;28;0;28;1;1;my316;MT12;BT407;25;1_407_25;exp2;MT12 (wrinkly)
37;30;0;30;1;3;my316;MT12;BT407;25;1_407_25;exp2;MT12 (wrinkly)
37;30;0;30;1;2;my316;MT12;BT407;25;1_407_25;exp2;MT12 (wrinkly)
39;43;0;43;1;2;my316;OP50;BT407;25;1_407_25;exp2;OP50
39;37;0;37;1;1;my316;OP50;BT407;25;1_407_25;exp2;OP50
39;36;0;36;1;3;my316;OP50;BT407;25;1_407_25;exp2;OP50
44;15;9;24;0.63;1;my316;MT13;BT247;25;4_247_25;exp2;MT13 (ancestral-like, colony size variation)
44;8;13;21;0.38;3;my316;MT13;BT247;25;4_247_25;exp2;MT13 (ancestral-like, colony size variation)
44;8;18;26;0.31;2;my316;MT13;BT247;25;4_247_25;exp2;MT13 (ancestral-like, colony size variation)
48;32;0;32;1;2;my316;MT11;BT407;25;1_407_25;exp2;MT11 (ancestral-like, slightly fuzzy)
48;31;0;31;1;1;my316;MT11;BT407;25;1_407_25;exp2;MT11 (ancestral-like, slightly fuzzy)
48;30;0;30;1;3;my316;MT11;BT407;25;1_407_25;exp2;MT11 (ancestral-like, slightly fuzzy)
50;29;0;29;1;2;my316;MT11;BT247;100;2_247_100;exp2;MT11 (ancestral-like, slightly fuzzy)
50;19;5;24;0.79;3;my316;MT11;BT247;100;2_247_100;exp2;MT11 (ancestral-like, slightly fuzzy)
50;25;1;26;0.96;1;my316;MT11;BT247;100;2_247_100;exp2;MT11 (ancestral-like, slightly fuzzy)
53;28;1;29;0.97;3;my316;MT13;BT247;100;2_247_100;exp2;MT13 (ancestral-like, colony size variation)
53;23;0;23;1;2;my316;MT13;BT247;100;2_247_100;exp2;MT13 (ancestral-like, colony size variation)
53;18;0;18;1;1;my316;MT13;BT247;100;2_247_100;exp2;MT13 (ancestral-like, colony size variation)
54;18;0;18;1;2;my316;MT12;BT247;100;2_247_100;exp2;MT12 (wrinkly)
54;25;0;25;1;1;my316;MT12;BT247;100;2_247_100;exp2;MT12 (wrinkly)
54;32;0;32;1;3;my316;MT12;BT247;100;2_247_100;exp2;MT12 (wrinkly)
71;6;4;10;0.6;3;my316;OP50;BT247;100;2_247_100;exp2;OP50
71;18;5;23;0.78;1;my316;OP50;BT247;100;2_247_100;exp2;OP50
71;9;7;16;0.56;2;my316;OP50;BT247;100;2_247_100;exp2;OP50
72;6;6;12;0.5;3;my316;MT12;BT247;25;4_247_25;exp2;MT12 (wrinkly)
72;8;9;17;0.47;1;my316;MT12;BT247;25;4_247_25;exp2;MT12 (wrinkly)
72;6;15;21;0.29;2;my316;MT12;BT247;25;4_247_25;exp2;MT12 (wrinkly)
73;20;0;20;1;2;my316;MYb11;BT247;100;2_247_100;exp2;MYb11
73;22;0;22;1;1;my316;MYb11;BT247;100;2_247_100;exp2;MYb11
73;22;3;25;0.88;3;my316;MYb11;BT247;100;2_247_100;exp2;MYb11
74;14;2;16;0.88;3;my316;MYb11;BT247;50;3_247_50;exp2;MYb11
74;20;2;22;0.91;1;my316;MYb11;BT247;50;3_247_50;exp2;MYb11
74;15;3;18;0.83;2;my316;MYb11;BT247;50;3_247_50;exp2;MYb11
75;35;0;35;1;2;my316;MT13;BT407;25;1_407_25;exp2;MT13 (ancestral-like, colony size variation)
75;26;0;26;1;3;my316;MT13;BT407;25;1_407_25;exp2;MT13 (ancestral-like, colony size variation)
75;35;0;35;1;1;my316;MT13;BT407;25;1_407_25;exp2;MT13 (ancestral-like, colony size variation)
77;32;0;32;1;2;my316;MYb11;BT407;25;1_407_25;exp2;MYb11
77;50;0;50;1;3;my316;MYb11;BT407;25;1_407_25;exp2;MYb11
77;28;2;30;0.93;1;my316;MYb11;BT407;25;1_407_25;exp2;MYb11
81;1;34;35;0.03;2;my316;OP50;BT247;25;4_247_25;exp2;OP50
81;1;33;34;0.03;3;my316;OP50;BT247;25;4_247_25;exp2;OP50
81;0;31;31;0;1;my316;OP50;BT247;25;4_247_25;exp2;OP50
84;4;33;37;0.11;2;my316;MT11;BT247;25;4_247_25;exp2;MT11 (ancestral-like, slightly fuzzy)
84;2;61;63;0.03;3;my316;MT11;BT247;25;4_247_25;exp2;MT11 (ancestral-like, slightly fuzzy)
84;1;32;33;0.03;1;my316;MT11;BT247;25;4_247_25;exp2;MT11 (ancestral-like, slightly fuzzy)
88;16;8;24;0.67;2;my316;MYb11;BT247;25;4_247_25;exp2;MYb11
88;7;10;17;0.41;1;my316;MYb11;BT247;25;4_247_25;exp2;MYb11
88;14;12;26;0.54;3;my316;MYb11;BT247;25;4_247_25;exp2;MYb11
91;3;23;26;0.12;1;my316;OP50;BT247;50;3_247_50;exp2;OP50
91;3;30;33;0.09;2;my316;OP50;BT247;50;3_247_50;exp2;OP50
91;5;18;23;0.22;3;my316;OP50;BT247;50;3_247_50;exp2;OP50
16;15;0;15;1;2;my316;MT13;BT247;50;3_247_50;exp3;MT13 (ancestral-like, colony size variation)
16;30;6;36;0.833333333;1;my316;MT13;BT247;50;3_247_50;exp3;MT13 (ancestral-like, colony size variation)
16;22;2;24;0.916666667;3;my316;MT13;BT247;50;3_247_50;exp3;MT13 (ancestral-like, colony size variation)
19;26;4;30;0.866666667;3;my316;MT12;BT247;50;3_247_50;exp3;MT12 (wrinkly)
19;24;3;27;0.888888889;2;my316;MT12;BT247;50;3_247_50;exp3;MT12 (wrinkly)
19;17;2;19;0.894736842;1;my316;MT12;BT247;50;3_247_50;exp3;MT12 (wrinkly)
20;31;0;31;1;3;my316;MT12;BT247;100;2_247_100;exp3;MT12 (wrinkly)
20;32;0;32;1;2;my316;MT12;BT247;100;2_247_100;exp3;MT12 (wrinkly)
20;32;0;32;1;1;my316;MT12;BT247;100;2_247_100;exp3;MT12 (wrinkly)
22;27;18;45;0.6;1;my316;OP50;BT247;50;3_247_50;exp3;OP50
22;22;15;37;0.594594595;3;my316;OP50;BT247;50;3_247_50;exp3;OP50
22;10;8;18;0.555555556;2;my316;OP50;BT247;50;3_247_50;exp3;OP50
36;30;2;32;0.9375;3;my316;MYb11;BT247;50;3_247_50;exp3;MYb11
36;22;4;26;0.846153846;2;my316;MYb11;BT247;50;3_247_50;exp3;MYb11
36;26;0;26;1;1;my316;MYb11;BT247;50;3_247_50;exp3;MYb11
37;35;0;35;1;3;my316;MYb11;BT407;25;1_407_25;exp3;MYb11
37;31;0;31;1;2;my316;MYb11;BT407;25;1_407_25;exp3;MYb11
37;34;2;36;0.944444444;1;my316;MYb11;BT407;25;1_407_25;exp3;MYb11
44;11;14;25;0.44;3;my316;OP50;BT247;25;4_247_25;exp3;OP50
44;16;11;27;0.592592593;1;my316;OP50;BT247;25;4_247_25;exp3;OP50
44;10;23;33;0.303030303;2;my316;OP50;BT247;25;4_247_25;exp3;OP50
47;27;0;27;1;2;my316;MT12;BT407;25;1_407_25;exp3;MT12 (wrinkly)
47;24;2;26;0.923076923;3;my316;MT12;BT407;25;1_407_25;exp3;MT12 (wrinkly)
47;28;1;29;0.965517241;1;my316;MT12;BT407;25;1_407_25;exp3;MT12 (wrinkly)
48;27;0;27;1;2;my316;MT11;BT407;25;1_407_25;exp3;MT11 (ancestral-like, slightly fuzzy)
48;41;0;41;1;1;my316;MT11;BT407;25;1_407_25;exp3;MT11 (ancestral-like, slightly fuzzy)
48;26;1;27;0.962962963;3;my316;MT11;BT407;25;1_407_25;exp3;MT11 (ancestral-like, slightly fuzzy)
49;13;1;14;0.928571429;2;my316;MT11;BT247;100;2_247_100;exp3;MT11 (ancestral-like, slightly fuzzy)
49;14;2;16;0.875;3;my316;MT11;BT247;100;2_247_100;exp3;MT11 (ancestral-like, slightly fuzzy)
49;29;0;29;1;1;my316;MT11;BT247;100;2_247_100;exp3;MT11 (ancestral-like, slightly fuzzy)
50;15;0;15;1;1;my316;MT13;BT247;100;2_247_100;exp3;MT13 (ancestral-like, colony size variation)
50;21;2;23;0.913043478;2;my316;MT13;BT247;100;2_247_100;exp3;MT13 (ancestral-like, colony size variation)
50;21;2;23;0.913043478;3;my316;MT13;BT247;100;2_247_100;exp3;MT13 (ancestral-like, colony size variation)
53;20;6;26;0.769230769;1;my316;OP50;BT247;100;2_247_100;exp3;OP50
53;19;4;23;0.826086957;2;my316;OP50;BT247;100;2_247_100;exp3;OP50
53;37;8;45;0.822222222;3;my316;OP50;BT247;100;2_247_100;exp3;OP50
54;30;0;30;1;1;my316;MYb11;BT247;100;2_247_100;exp3;MYb11
54;25;0;25;1;3;my316;MYb11;BT247;100;2_247_100;exp3;MYb11
54;24;0;24;1;2;my316;MYb11;BT247;100;2_247_100;exp3;MYb11
64;7;16;23;0.304347826;2;my316;MT11;BT247;25;4_247_25;exp3;MT11 (ancestral-like, slightly fuzzy)
64;11;13;24;0.458333333;1;my316;MT11;BT247;25;4_247_25;exp3;MT11 (ancestral-like, slightly fuzzy)
64;7;18;25;0.28;3;my316;MT11;BT247;25;4_247_25;exp3;MT11 (ancestral-like, slightly fuzzy)
72;19;1;20;0.95;1;my316;MYb11;BT247;25;4_247_25;exp3;MYb11
72;14;5;19;0.736842105;2;my316;MYb11;BT247;25;4_247_25;exp3;MYb11
72;28;0;28;1;3;my316;MYb11;BT247;25;4_247_25;exp3;MYb11
75;42;0;42;1;2;my316;OP50;BT407;25;1_407_25;exp3;OP50
75;36;0;36;1;1;my316;OP50;BT407;25;1_407_25;exp3;OP50
75;35;2;37;0.945945946;3;my316;OP50;BT407;25;1_407_25;exp3;OP50
84;10;15;25;0.4;3;my316;MT13;BT247;25;4_247_25;exp3;MT13 (ancestral-like, colony size variation)
84;25;7;32;0.78125;1;my316;MT13;BT247;25;4_247_25;exp3;MT13 (ancestral-like, colony size variation)
84;18;7;25;0.72;2;my316;MT13;BT247;25;4_247_25;exp3;MT13 (ancestral-like, colony size variation)
85;9;11;20;0.45;1;my316;MT11;BT247;50;3_247_50;exp3;MT11 (ancestral-like, slightly fuzzy)
85;15;16;31;0.483870968;2;my316;MT11;BT247;50;3_247_50;exp3;MT11 (ancestral-like, slightly fuzzy)
85;10;13;23;0.434782609;3;my316;MT11;BT247;50;3_247_50;exp3;MT11 (ancestral-like, slightly fuzzy)
98;4;8;12;0.333333333;2;my316;MT12;BT247;25;4_247_25;exp3;MT12 (wrinkly)
98;5;13;18;0.277777778;3;my316;MT12;BT247;25;4_247_25;exp3;MT12 (wrinkly)
98;6;14;20;0.3;1;my316;MT12;BT247;25;4_247_25;exp3;MT12 (wrinkly)
99;31;1;32;0.96875;1;my316;MT13;BT407;25;1_407_25;exp3;MT13 (ancestral-like, colony size variation)
99;24;1;25;0.96;3;my316;MT13;BT407;25;1_407_25;exp3;MT13 (ancestral-like, colony size variation)
99;31;0;31;1;2;my316;MT13;BT407;25;1_407_25;exp3;MT13 (ancestral-like, colony size variation)
13;30;1;31;0.967741935;1;my316;MT3;BT247;100;2_247_100;exp4;MT 3 (fuzzy)
13;35;0;35;1;3;my316;MT3;BT247;100;2_247_100;exp4;MT 3 (fuzzy)
13;37;2;39;0.948717949;2;my316;MT3;BT247;100;2_247_100;exp4;MT 3 (fuzzy)
16;27;0;27;1;2;my316;MYb11;BT407;25;1_407_25;exp4;MYb11
16;32;0;32;1;1;my316;MYb11;BT407;25;1_407_25;exp4;MYb11
16;30;1;31;0.967741935;3;my316;MYb11;BT407;25;1_407_25;exp4;MYb11
17;32;0;32;1;3;my316;MT3;BT407;25;1_407_25;exp4;MT 3 (fuzzy)
17;29;0;29;1;1;my316;MT3;BT407;25;1_407_25;exp4;MT 3 (fuzzy)
17;25;1;26;0.961538462;2;my316;MT3;BT407;25;1_407_25;exp4;MT 3 (fuzzy)
20;33;0;33;1;3;my316;MT5;BT247;100;2_247_100;exp4;MT 5 (wrinkly)
20;41;3;44;0.931818182;2;my316;MT5;BT247;100;2_247_100;exp4;MT 5 (wrinkly)
20;32;0;32;1;1;my316;MT5;BT247;100;2_247_100;exp4;MT 5 (wrinkly)
21;40;0;40;1;2;my316;OP50;BT407;25;1_407_25;exp4;OP50
21;30;0;30;1;1;my316;OP50;BT407;25;1_407_25;exp4;OP50
21;25;0;25;1;3;my316;OP50;BT407;25;1_407_25;exp4;OP50
32;38;3;41;0.926829268;2;my316;MYb11;BT247;50;3_247_50;exp4;MYb11
32;26;0;26;1;3;my316;MYb11;BT247;50;3_247_50;exp4;MYb11
32;42;2;44;0.954545455;1;my316;MYb11;BT247;50;3_247_50;exp4;MYb11
35;25;6;31;0.806451613;2;my316;MT3;BT247;25;4_247_25;exp4;MT 3 (fuzzy)
35;35;1;36;0.972222222;1;my316;MT3;BT247;25;4_247_25;exp4;MT 3 (fuzzy)
35;19;11;30;0.633333333;3;my316;MT3;BT247;25;4_247_25;exp4;MT 3 (fuzzy)
39;34;0;34;1;3;my316;MT2;BT407;25;1_407_25;exp4;MT 2 (ancestral-like)
39;30;0;30;1;1;my316;MT2;BT407;25;1_407_25;exp4;MT 2 (ancestral-like)
39;30;1;31;0.967741935;2;my316;MT2;BT407;25;1_407_25;exp4;MT 2 (ancestral-like)
44;24;3;27;0.888888889;3;my316;MT3;BT247;50;3_247_50;exp4;MT 3 (fuzzy)
44;29;3;32;0.90625;2;my316;MT3;BT247;50;3_247_50;exp4;MT 3 (fuzzy)
44;29;0;29;1;1;my316;MT3;BT247;50;3_247_50;exp4;MT 3 (fuzzy)
54;12;21;33;0.363636364;2;my316;OP50;BT247;25;4_247_25;exp4;OP50
54;15;5;20;0.75;1;my316;OP50;BT247;25;4_247_25;exp4;OP50
54;9;23;32;0.28125;3;my316;OP50;BT247;25;4_247_25;exp4;OP50
58;22;6;28;0.785714286;1;my316;MYb11;BT247;25;4_247_25;exp4;MYb11
58;19;7;26;0.730769231;3;my316;MYb11;BT247;25;4_247_25;exp4;MYb11
58;22;6;28;0.785714286;2;my316;MYb11;BT247;25;4_247_25;exp4;MYb11
61;27;1;28;0.964285714;3;my316;OP50;BT247;100;2_247_100;exp4;OP50
61;21;1;22;0.954545455;1;my316;OP50;BT247;100;2_247_100;exp4;OP50
61;35;3;38;0.921052632;2;my316;OP50;BT247;100;2_247_100;exp4;OP50
71;36;0;36;1;2;my316;MT2;BT247;100;2_247_100;exp4;MT 2 (ancestral-like)
71;50;0;50;1;1;my316;MT2;BT247;100;2_247_100;exp4;MT 2 (ancestral-like)
71;45;0;45;1;3;my316;MT2;BT247;100;2_247_100;exp4;MT 2 (ancestral-like)
75;25;4;29;0.862068966;2;my316;MT2;BT247;50;3_247_50;exp4;MT 2 (ancestral-like)
75;35;0;35;1;3;my316;MT2;BT247;50;3_247_50;exp4;MT 2 (ancestral-like)
75;29;0;29;1;1;my316;MT2;BT247;50;3_247_50;exp4;MT 2 (ancestral-like)
78;20;12;32;0.625;1;my316;OP50;BT247;50;3_247_50;exp4;OP50
78;18;6;24;0.75;2;my316;OP50;BT247;50;3_247_50;exp4;OP50
78;21;10;31;0.677419355;3;my316;OP50;BT247;50;3_247_50;exp4;OP50
85;27;0;27;1;2;my316;MYb11;BT247;100;2_247_100;exp4;MYb11
85;31;1;32;0.96875;1;my316;MYb11;BT247;100;2_247_100;exp4;MYb11
85;62;0;62;1;3;my316;MYb11;BT247;100;2_247_100;exp4;MYb11
90;28;0;28;1;2;my316;MT5;BT407;25;1_407_25;exp4;MT 5 (wrinkly)
90;38;0;38;1;1;my316;MT5;BT407;25;1_407_25;exp4;MT 5 (wrinkly)
90;37;0;37;1;3;my316;MT5;BT407;25;1_407_25;exp4;MT 5 (wrinkly)
91;42;6;48;0.875;1;my316;MT5;BT247;25;4_247_25;exp4;MT 5 (wrinkly)
91;24;6;30;0.8;2;my316;MT5;BT247;25;4_247_25;exp4;MT 5 (wrinkly)
91;27;0;27;1;3;my316;MT5;BT247;25;4_247_25;exp4;MT 5 (wrinkly)
92;34;1;35;0.971428571;3;my316;MT5;BT247;50;3_247_50;exp4;MT 5 (wrinkly)
92;22;1;23;0.956521739;2;my316;MT5;BT247;50;3_247_50;exp4;MT 5 (wrinkly)
92;54;7;61;0.885245902;1;my316;MT5;BT247;50;3_247_50;exp4;MT 5 (wrinkly)
97;22;6;28;0.785714286;2;my316;MT2;BT247;25;4_247_25;exp4;MT 2 (ancestral-like)
97;13;6;19;0.684210526;1;my316;MT2;BT247;25;4_247_25;exp4;MT 2 (ancestral-like)
97;26;1;27;0.962962963;3;my316;MT2;BT247;25;4_247_25;exp4;MT 2 (ancestral-like)
15;18;4;22;0.818181818;2;my316;MT5;BT247;50;3_247_50;exp5;MT 5 (wrinkly)
15;22;2;24;0.916666667;3;my316;MT5;BT247;50;3_247_50;exp5;MT 5 (wrinkly)
15;20;3;23;0.869565217;1;my316;MT5;BT247;50;3_247_50;exp5;MT 5 (wrinkly)
17;18;4;22;0.818181818;2;my316;MYb11;BT247;50;3_247_50;exp5;MYb11
17;25;2;27;0.925925926;3;my316;MYb11;BT247;50;3_247_50;exp5;MYb11
17;27;0;27;1;1;my316;MYb11;BT247;50;3_247_50;exp5;MYb11
28;36;0;36;1;1;my316;OP50;BT407;25;1_407_25;exp5;OP50
28;38;1;39;0.974358974;2;my316;OP50;BT407;25;1_407_25;exp5;OP50
28;31;0;31;1;3;my316;OP50;BT407;25;1_407_25;exp5;OP50
35;32;0;32;1;3;my316;MT2;BT247;100;2_247_100;exp5;MT 2 (ancestral-like)
35;24;0;24;1;1;my316;MT2;BT247;100;2_247_100;exp5;MT 2 (ancestral-like)
35;23;0;23;1;2;my316;MT2;BT247;100;2_247_100;exp5;MT 2 (ancestral-like)
37;33;0;33;1;1;my316;MYb11;BT407;25;1_407_25;exp5;MYb11
37;29;0;29;1;2;my316;MYb11;BT407;25;1_407_25;exp5;MYb11
37;29;0;29;1;3;my316;MYb11;BT407;25;1_407_25;exp5;MYb11
39;17;6;23;0.739130435;1;my316;OP50;BT247;50;3_247_50;exp5;OP50
39;12;7;19;0.631578947;3;my316;OP50;BT247;50;3_247_50;exp5;OP50
39;16;9;25;0.64;2;my316;OP50;BT247;50;3_247_50;exp5;OP50
41;24;4;28;0.857142857;3;my316;OP50;BT247;100;2_247_100;exp5;OP50
41;28;2;30;0.933333333;1;my316;OP50;BT247;100;2_247_100;exp5;OP50
41;26;1;27;0.962962963;2;my316;OP50;BT247;100;2_247_100;exp5;OP50
42;7;13;20;0.35;3;my316;MYb11;BT247;25;4_247_25;exp5;MYb11
42;5;12;17;0.294117647;2;my316;MYb11;BT247;25;4_247_25;exp5;MYb11
42;9;11;20;0.45;1;my316;MYb11;BT247;25;4_247_25;exp5;MYb11
46;8;11;19;0.421052632;2;my316;MT2;BT247;25;4_247_25;exp5;MT 2 (ancestral-like)
46;14;12;26;0.538461538;1;my316;MT2;BT247;25;4_247_25;exp5;MT 2 (ancestral-like)
46;10;12;22;0.454545455;3;my316;MT2;BT247;25;4_247_25;exp5;MT 2 (ancestral-like)
47;29;1;30;0.966666667;3;my316;MT5;BT247;100;2_247_100;exp5;MT 5 (wrinkly)
47;27;0;27;1;2;my316;MT5;BT247;100;2_247_100;exp5;MT 5 (wrinkly)
47;26;0;26;1;1;my316;MT5;BT247;100;2_247_100;exp5;MT 5 (wrinkly)
49;33;0;33;1;2;my316;MT5;BT407;25;1_407_25;exp5;MT 5 (wrinkly)
49;31;0;31;1;3;my316;MT5;BT407;25;1_407_25;exp5;MT 5 (wrinkly)
49;31;0;31;1;1;my316;MT5;BT407;25;1_407_25;exp5;MT 5 (wrinkly)
52;24;1;25;0.96;3;my316;MT2;BT247;50;3_247_50;exp5;MT 2 (ancestral-like)
52;26;1;27;0.962962963;1;my316;MT2;BT247;50;3_247_50;exp5;MT 2 (ancestral-like)
52;29;0;29;1;2;my316;MT2;BT247;50;3_247_50;exp5;MT 2 (ancestral-like)
64;65;2;67;0.970149254;1;my316;MYb11;BT247;100;2_247_100;exp5;MYb11
64;26;0;26;1;3;my316;MYb11;BT247;100;2_247_100;exp5;MYb11
64;31;0;31;1;2;my316;MYb11;BT247;100;2_247_100;exp5;MYb11
66;34;0;34;1;3;my316;MT3;BT407;25;1_407_25;exp5;MT 3 (fuzzy)
66;31;0;31;1;1;my316;MT3;BT407;25;1_407_25;exp5;MT 3 (fuzzy)
66;32;0;32;1;2;my316;MT3;BT407;25;1_407_25;exp5;MT 3 (fuzzy)
69;8;14;22;0.363636364;1;my316;OP50;BT247;25;4_247_25;exp5;OP50
69;10;16;26;0.384615385;2;my316;OP50;BT247;25;4_247_25;exp5;OP50
69;3;24;27;0.111111111;3;my316;OP50;BT247;25;4_247_25;exp5;OP50
73;26;2;28;0.928571429;1;my316;MT3;BT247;50;3_247_50;exp5;MT 3 (fuzzy)
73;28;0;28;1;2;my316;MT3;BT247;50;3_247_50;exp5;MT 3 (fuzzy)
73;23;3;26;0.884615385;3;my316;MT3;BT247;50;3_247_50;exp5;MT 3 (fuzzy)
74;27;0;27;1;3;my316;MT3;BT247;100;2_247_100;exp5;MT 3 (fuzzy)
74;29;0;29;1;1;my316;MT3;BT247;100;2_247_100;exp5;MT 3 (fuzzy)
74;30;0;30;1;2;my316;MT3;BT247;100;2_247_100;exp5;MT 3 (fuzzy)
78;11;13;24;0.458333333;1;my316;MT3;BT247;25;4_247_25;exp5;MT 3 (fuzzy)
78;7;21;28;0.25;2;my316;MT3;BT247;25;4_247_25;exp5;MT 3 (fuzzy)
78;7;12;19;0.368421053;3;my316;MT3;BT247;25;4_247_25;exp5;MT 3 (fuzzy)
85;30;0;30;1;1;my316;MT2;BT407;25;1_407_25;exp5;MT 2 (ancestral-like)
85;34;0;34;1;3;my316;MT2;BT407;25;1_407_25;exp5;MT 2 (ancestral-like)
85;33;1;34;0.970588235;2;my316;MT2;BT407;25;1_407_25;exp5;MT 2 (ancestral-like)
89;10;4;14;0.714285714;1;my316;MT5;BT247;25;4_247_25;exp5;MT 5 (wrinkly)
89;15;7;22;0.681818182;2;my316;MT5;BT247;25;4_247_25;exp5;MT 5 (wrinkly)
89;6;13;19;0.315789474;3;my316;MT5;BT247;25;4_247_25;exp5;MT 5 (wrinkly)
10;26;1;27;0.962962963;1;my316;MT2;BT247;50;3_247_50;exp6;MT 2 (ancestral-like)
10;28;2;30;0.933333333;2;my316;MT2;BT247;50;3_247_50;exp6;MT 2 (ancestral-like)
10;30;0;30;1;3;my316;MT2;BT247;50;3_247_50;exp6;MT 2 (ancestral-like)
12;30;0;30;1;3;my316;MT3;BT407;25;1_407_25;exp6;MT 3 (fuzzy)
12;30;0;30;1;1;my316;MT3;BT407;25;1_407_25;exp6;MT 3 (fuzzy)
12;30;0;30;1;2;my316;MT3;BT407;25;1_407_25;exp6;MT 3 (fuzzy)
16;27;6;33;0.818181818;3;my316;MT5;BT247;25;4_247_25;exp6;MT 5 (wrinkly)
16;28;1;29;0.965517241;2;my316;MT5;BT247;25;4_247_25;exp6;MT 5 (wrinkly)
16;23;2;25;0.92;1;my316;MT5;BT247;25;4_247_25;exp6;MT 5 (wrinkly)
19;20;5;25;0.8;1;my316;MYb11;BT247;25;4_247_25;exp6;MYb11
19;18;5;23;0.782608696;3;my316;MYb11;BT247;25;4_247_25;exp6;MYb11
19;14;8;22;0.636363636;2;my316;MYb11;BT247;25;4_247_25;exp6;MYb11
22;30;0;30;1;2;my316;MT2;BT407;25;1_407_25;exp6;MT 2 (ancestral-like)
22;33;0;33;1;3;my316;MT2;BT407;25;1_407_25;exp6;MT 2 (ancestral-like)
22;29;0;29;1;1;my316;MT2;BT407;25;1_407_25;exp6;MT 2 (ancestral-like)
25;28;1;29;0.965517241;1;my316;MT3;BT247;50;3_247_50;exp6;MT 3 (fuzzy)
25;20;4;24;0.833333333;3;my316;MT3;BT247;50;3_247_50;exp6;MT 3 (fuzzy)
25;28;3;31;0.903225806;2;my316;MT3;BT247;50;3_247_50;exp6;MT 3 (fuzzy)
31;30;0;30;1;3;my316;MYb11;BT407;25;1_407_25;exp6;MYb11
31;31;0;31;1;2;my316;MYb11;BT407;25;1_407_25;exp6;MYb11
31;29;0;29;1;3;my316;MYb11;BT407;25;1_407_25;exp6;MYb11
33;31;0;31;1;1;my316;MT2;BT247;100;2_247_100;exp6;MT 2 (ancestral-like)
33;29;2;31;0.935483871;3;my316;MT2;BT247;100;2_247_100;exp6;MT 2 (ancestral-like)
33;28;0;28;1;2;my316;MT2;BT247;100;2_247_100;exp6;MT 2 (ancestral-like)
35;28;0;28;1;3;my316;MT5;BT407;25;1_407_25;exp6;MT 5 (wrinkly)
35;30;0;30;1;1;my316;MT5;BT407;25;1_407_25;exp6;MT 5 (wrinkly)
35;32;0;32;1;2;my316;MT5;BT407;25;1_407_25;exp6;MT 5 (wrinkly)
38;25;0;25;1;2;my316;OP50;BT247;100;2_247_100;exp6;OP50
38;25;1;26;0.961538462;3;my316;OP50;BT247;100;2_247_100;exp6;OP50
38;21;7;28;0.75;1;my316;OP50;BT247;100;2_247_100;exp6;OP50
41;31;0;31;1;1;my316;MT5;BT247;100;2_247_100;exp6;MT 5 (wrinkly)
41;28;0;28;1;3;my316;MT5;BT247;100;2_247_100;exp6;MT 5 (wrinkly)
41;28;1;29;0.965517241;2;my316;MT5;BT247;100;2_247_100;exp6;MT 5 (wrinkly)
43;22;0;22;1;3;my316;MYb11;BT247;100;2_247_100;exp6;MYb11
43;29;0;29;1;2;my316;MYb11;BT247;100;2_247_100;exp6;MYb11
43;29;0;29;1;1;my316;MYb11;BT247;100;2_247_100;exp6;MYb11
50;29;6;35;0.828571429;3;my316;MT2;BT247;25;4_247_25;exp6;MT 2 (ancestral-like)
50;17;7;24;0.708333333;1;my316;MT2;BT247;25;4_247_25;exp6;MT 2 (ancestral-like)
50;20;7;27;0.740740741;2;my316;MT2;BT247;25;4_247_25;exp6;MT 2 (ancestral-like)
56;7;19;26;0.269230769;2;my316;OP50;BT247;25;4_247_25;exp6;OP50
56;5;21;26;0.192307692;3;my316;OP50;BT247;25;4_247_25;exp6;OP50
56;6;19;25;0.24;1;my316;OP50;BT247;25;4_247_25;exp6;OP50
60;6;19;25;0.24;2;my316;MT3;BT247;25;4_247_25;exp6;MT 3 (fuzzy)
60;15;14;29;0.517241379;3;my316;MT3;BT247;25;4_247_25;exp6;MT 3 (fuzzy)
60;10;13;23;0.434782609;1;my316;MT3;BT247;25;4_247_25;exp6;MT 3 (fuzzy)
62;25;1;26;0.961538462;1;my316;MYb11;BT247;50;3_247_50;exp6;MYb11
62;33;0;33;1;2;my316;MYb11;BT247;50;3_247_50;exp6;MYb11
62;25;2;27;0.925925926;3;my316;MYb11;BT247;50;3_247_50;exp6;MYb11
71;27;0;27;1;2;my316;OP50;BT407;25;1_407_25;exp6;OP50
71;74;0;74;1;3;my316;OP50;BT407;25;1_407_25;exp6;OP50
71;26;0;26;1;1;my316;OP50;BT407;25;1_407_25;exp6;OP50
87;30;0;30;1;3;my316;MT3;BT247;100;2_247_100;exp6;MT 3 (fuzzy)
87;32;0;32;1;2;my316;MT3;BT247;100;2_247_100;exp6;MT 3 (fuzzy)
87;28;0;28;1;1;my316;MT3;BT247;100;2_247_100;exp6;MT 3 (fuzzy)
90;26;1;27;0.962962963;1;my316;MT5;BT247;50;3_247_50;exp6;MT 5 (wrinkly)
90;25;1;26;0.961538462;2;my316;MT5;BT247;50;3_247_50;exp6;MT 5 (wrinkly)
90;23;2;25;0.92;3;my316;MT5;BT247;50;3_247_50;exp6;MT 5 (wrinkly)
98;54;4;58;0.931034483;1;my316;OP50;BT247;50;3_247_50;exp6;OP50
98;20;4;24;0.833333333;3;my316;OP50;BT247;50;3_247_50;exp6;OP50
98;19;13;32;0.59375;2;my316;OP50;BT247;50;3_247_50;exp6;OP50
13;30;0;30;1;1;my316;MT12;BT247;100;2_247_100;exp7;MT12 (wrinkly)
13;21;0;21;1;3;my316;MT12;BT247;100;2_247_100;exp7;MT12 (wrinkly)
13;23;0;23;1;2;my316;MT12;BT247;100;2_247_100;exp7;MT12 (wrinkly)
16;32;0;32;1;3;my316;MT14;BT407;25;1_407_25;exp7;MT14 (wrinkly)
16;28;0;28;1;2;my316;MT14;BT407;25;1_407_25;exp7;MT14 (wrinkly)
16;26;0;26;1;1;my316;MT14;BT407;25;1_407_25;exp7;MT14 (wrinkly)
17;29;0;29;1;3;my316;MT12;BT407;25;1_407_25;exp7;MT12 (wrinkly)
17;28;0;28;1;1;my316;MT12;BT407;25;1_407_25;exp7;MT12 (wrinkly)
17;30;0;30;1;2;my316;MT12;BT407;25;1_407_25;exp7;MT12 (wrinkly)
20;29;0;29;1;2;my316;MT13;BT247;100;2_247_100;exp7;MT13 (ancestral-like, colony size variation)
20;27;0;27;1;1;my316;MT13;BT247;100;2_247_100;exp7;MT13 (ancestral-like, colony size variation)
20;29;0;29;1;3;my316;MT13;BT247;100;2_247_100;exp7;MT13 (ancestral-like, colony size variation)
21;28;0;28;1;1;my316;MYb11;BT407;25;1_407_25;exp7;MYb11
21;34;0;34;1;2;my316;MYb11;BT407;25;1_407_25;exp7;MYb11
21;30;0;30;1;3;my316;MYb11;BT407;25;1_407_25;exp7;MYb11
25;28;0;28;1;3;my316;OP50;BT407;25;1_407_25;exp7;OP50
25;27;0;27;1;1;my316;OP50;BT407;25;1_407_25;exp7;OP50
25;32;0;32;1;2;my316;OP50;BT407;25;1_407_25;exp7;OP50
32;14;6;20;0.7;3;my316;MT14;BT247;50;3_247_50;exp7;MT14 (wrinkly)
32;19;5;24;0.791666667;1;my316;MT14;BT247;50;3_247_50;exp7;MT14 (wrinkly)
32;19;9;28;0.678571429;2;my316;MT14;BT247;50;3_247_50;exp7;MT14 (wrinkly)
35;18;10;28;0.642857143;1;my316;MT12;BT247;25;4_247_25;exp7;MT12 (wrinkly)
35;16;7;23;0.695652174;2;my316;MT12;BT247;25;4_247_25;exp7;MT12 (wrinkly)
39;18;5;23;0.782608696;3;my316;MT11;BT407;25;1_407_25;exp7;MT11 (ancestral-like, slightly fuzzy)
39;28;0;28;1;3;my316;MT11;BT407;25;1_407_25;exp7;MT11 (ancestral-like, slightly fuzzy)
39;30;0;30;1;1;my316;MT11;BT407;25;1_407_25;exp7;MT11 (ancestral-like, slightly fuzzy)
39;29;0;29;1;2;my316;MT11;BT407;25;1_407_25;exp7;MT11 (ancestral-like, slightly fuzzy)
41;19;1;20;0.95;3;my316;OP50;BT247;50;3_247_50;exp7;OP50
41;27;1;28;0.964285714;2;my316;OP50;BT247;50;3_247_50;exp7;OP50
41;22;1;23;0.956521739;1;my316;OP50;BT247;50;3_247_50;exp7;OP50
44;22;0;22;1;1;my316;MT12;BT247;50;3_247_50;exp7;MT12 (wrinkly)
44;22;2;24;0.916666667;2;my316;MT12;BT247;50;3_247_50;exp7;MT12 (wrinkly)
44;27;1;28;0.964285714;3;my316;MT12;BT247;50;3_247_50;exp7;MT12 (wrinkly)
50;31;0;31;1;2;my316;OP50;BT247;100;2_247_100;exp7;OP50
50;48;0;48;1;3;my316;OP50;BT247;100;2_247_100;exp7;OP50
50;26;0;26;1;1;my316;OP50;BT247;100;2_247_100;exp7;OP50
54;10;15;25;0.4;3;my316;MYb11;BT247;25;4_247_25;exp7;MYb11
54;12;21;33;0.363636364;2;my316;MYb11;BT247;25;4_247_25;exp7;MYb11
54;6;20;26;0.230769231;2;my316;MYb11;BT247;25;4_247_25;exp7;MYb11
58;6;27;33;0.181818182;1;my316;MT14;BT247;25;4_247_25;exp7;MT14 (wrinkly)
58;7;19;26;0.269230769;3;my316;MT14;BT247;25;4_247_25;exp7;MT14 (wrinkly)
58;10;12;22;0.454545455;2;my316;MT14;BT247;25;4_247_25;exp7;MT14 (wrinkly)
61;29;0;29;1;2;my316;MYb11;BT247;100;2_247_100;exp7;MYb11
61;28;1;29;0.965517241;1;my316;MYb11;BT247;100;2_247_100;exp7;MYb11
61;26;0;26;1;3;my316;MYb11;BT247;100;2_247_100;exp7;MYb11
69;16;6;22;0.727272727;3;my316;OP50;BT247;25;4_247_25;exp7;OP50
69;25;5;30;0.833333333;1;my316;OP50;BT247;25;4_247_25;exp7;OP50
69;10;10;20;0.5;2;my316;OP50;BT247;25;4_247_25;exp7;OP50
71;27;0;27;1;1;my316;MT11;BT247;100;2_247_100;exp7;MT11 (ancestral-like, slightly fuzzy)
71;27;1;28;0.964285714;2;my316;MT11;BT247;100;2_247_100;exp7;MT11 (ancestral-like, slightly fuzzy)
71;28;0;28;1;3;my316;MT11;BT247;100;2_247_100;exp7;MT11 (ancestral-like, slightly fuzzy)
75;15;0;15;1;1;my316;MT11;BT247;50;3_247_50;exp7;MT11 (ancestral-like, slightly fuzzy)
75;21;8;29;0.724137931;2;my316;MT11;BT247;50;3_247_50;exp7;MT11 (ancestral-like, slightly fuzzy)
75;20;8;28;0.714285714;3;my316;MT11;BT247;50;3_247_50;exp7;MT11 (ancestral-like, slightly fuzzy)
78;24;1;25;0.96;1;my316;MYb11;BT247;50;3_247_50;exp7;MYb11
78;23;3;26;0.884615385;2;my316;MYb11;BT247;50;3_247_50;exp7;MYb11
78;26;2;28;0.928571429;3;my316;MYb11;BT247;50;3_247_50;exp7;MYb11
85;19;1;20;0.95;2;my316;MT14;BT247;100;2_247_100;exp7;MT14 (wrinkly)
85;4;5;9;0.444444444;1;my316;MT14;BT247;100;2_247_100;exp7;MT14 (wrinkly)
85;24;1;25;0.96;3;my316;MT14;BT247;100;2_247_100;exp7;MT14 (wrinkly)
90;30;0;30;1;2;my316;MT13;BT407;25;1_407_25;exp7;MT13 (ancestral-like, colony size variation)
90;31;0;31;1;1;my316;MT13;BT407;25;1_407_25;exp7;MT13 (ancestral-like, colony size variation)
90;28;0;28;1;3;my316;MT13;BT407;25;1_407_25;exp7;MT13 (ancestral-like, colony size variation)
91;20;11;31;0.64516129;2;my316;MT13;BT247;25;4_247_25;exp7;MT13 (ancestral-like, colony size variation)
91;18;14;32;0.5625;3;my316;MT13;BT247;25;4_247_25;exp7;MT13 (ancestral-like, colony size variation)
91;10;16;26;0.384615385;1;my316;MT13;BT247;25;4_247_25;exp7;MT13 (ancestral-like, colony size variation)
92;20;3;23;0.869565217;3;my316;MT13;BT247;50;3_247_50;exp7;MT13 (ancestral-like, colony size variation)
92;24;2;26;0.923076923;1;my316;MT13;BT247;50;3_247_50;exp7;MT13 (ancestral-like, colony size variation)
92;24;3;27;0.888888889;2;my316;MT13;BT247;50;3_247_50;exp7;MT13 (ancestral-like, colony size variation)
97;21;14;35;0.6;2;my316;MT11;BT247;25;4_247_25;exp7;MT11 (ancestral-like, slightly fuzzy)
97;13;13;26;0.5;3;my316;MT11;BT247;25;4_247_25;exp7;MT11 (ancestral-like, slightly fuzzy)
97;8;19;27;0.296296296;1;my316;MT11;BT247;25;4_247_25;exp7;MT11 (ancestral-like, slightly fuzzy)
12;29;1;30;0.966666667;3;my316;MYb11;BT247;50;3_247_50;exp8;MYb11
12;28;1;29;0.965517241;1;my316;MYb11;BT247;50;3_247_50;exp8;MYb11
12;26;0;26;1;2;my316;MYb11;BT247;50;3_247_50;exp8;MYb11
14;33;0;33;1;1;my316;OP50;BT407;25;1_407_25;exp8;OP50
14;26;0;26;1;2;my316;OP50;BT407;25;1_407_25;exp8;OP50
14;31;0;31;1;3;my316;OP50;BT407;25;1_407_25;exp8;OP50
16;26;3;29;0.896551724;1;my316;MT13;BT247;50;3_247_50;exp8;MT13 (ancestral-like, colony size variation)
16;23;4;27;0.851851852;3;my316;MT13;BT247;50;3_247_50;exp8;MT13 (ancestral-like, colony size variation)
16;28;1;29;0.965517241;2;my316;MT13;BT247;50;3_247_50;exp8;MT13 (ancestral-like, colony size variation)
21;28;0;28;1;2;my316;MT13;BT247;100;2_247_100;exp8;MT13 (ancestral-like, colony size variation)
21;24;2;26;0.923076923;1;my316;MT13;BT247;100;2_247_100;exp8;MT13 (ancestral-like, colony size variation)
21;37;0;37;1;3;my316;MT13;BT247;100;2_247_100;exp8;MT13 (ancestral-like, colony size variation)
28;50;1;51;0.980392157;2;my316;MT14;BT247;100;2_247_100;exp8;MT14 (wrinkly)
28;33;1;34;0.970588235;1;my316;MT14;BT247;100;2_247_100;exp8;MT14 (wrinkly)
28;30;1;31;0.967741935;3;my316;MT14;BT247;100;2_247_100;exp8;MT14 (wrinkly)
29;32;1;33;0.96969697;3;my316;MT14;BT247;50;3_247_50;exp8;MT14 (wrinkly)
29;34;2;36;0.944444444;1;my316;MT14;BT247;50;3_247_50;exp8;MT14 (wrinkly)
29;30;0;30;1;2;my316;MT14;BT247;50;3_247_50;exp8;MT14 (wrinkly)
41;22;5;27;0.814814815;1;my316;OP50;BT247;25;4_247_25;exp8;OP50
41;13;10;23;0.565217391;2;my316;OP50;BT247;25;4_247_25;exp8;OP50
41;19;13;32;0.59375;3;my316;OP50;BT247;25;4_247_25;exp8;OP50
42;12;12;24;0.5;1;my316;MT12;BT247;25;4_247_25;exp8;MT12 (wrinkly)
42;13;3;16;0.8125;2;my316;MT12;BT247;25;4_247_25;exp8;MT12 (wrinkly)
42;23;5;28;0.821428571;3;my316;MT12;BT247;25;4_247_25;exp8;MT12 (wrinkly)
44;21;8;29;0.724137931;2;my316;MT11;BT247;25;4_247_25;exp8;MT11 (ancestral-like, slightly fuzzy)
44;5;7;12;0.416666667;1;my316;MT11;BT247;25;4_247_25;exp8;MT11 (ancestral-like, slightly fuzzy)
44;16;6;22;0.727272727;3;my316;MT11;BT247;25;4_247_25;exp8;MT11 (ancestral-like, slightly fuzzy)
45;30;0;30;1;1;my316;MT13;BT407;25;1_407_25;exp8;MT13 (ancestral-like, colony size variation)
45;27;1;28;0.964285714;2;my316;MT13;BT407;25;1_407_25;exp8;MT13 (ancestral-like, colony size variation)
45;44;0;44;1;3;my316;MT13;BT407;25;1_407_25;exp8;MT13 (ancestral-like, colony size variation)
50;29;0;29;1;3;my316;MT12;BT247;100;2_247_100;exp8;MT12 (wrinkly)
50;30;0;30;1;1;my316;MT12;BT247;100;2_247_100;exp8;MT12 (wrinkly)
50;30;1;31;0.967741935;2;my316;MT12;BT247;100;2_247_100;exp8;MT12 (wrinkly)
52;28;0;28;1;2;my316;MT11;BT407;25;1_407_25;exp8;MT11 (ancestral-like, slightly fuzzy)
52;30;0;30;1;1;my316;MT11;BT407;25;1_407_25;exp8;MT11 (ancestral-like, slightly fuzzy)
52;33;0;33;1;3;my316;MT11;BT407;25;1_407_25;exp8;MT11 (ancestral-like, slightly fuzzy)
64;6;10;16;0.375;1;my316;MYb11;BT247;25;4_247_25;exp8;MYb11
64;19;7;26;0.730769231;2;my316;MYb11;BT247;25;4_247_25;exp8;MYb11
64;24;2;26;0.923076923;3;my316;MYb11;BT247;25;4_247_25;exp8;MYb11
67;29;1;30;0.966666667;1;my316;MT11;BT247;50;3_247_50;exp8;MT11 (ancestral-like, slightly fuzzy)
67;24;3;27;0.888888889;2;my316;MT11;BT247;50;3_247_50;exp8;MT11 (ancestral-like, slightly fuzzy)
67;17;5;22;0.772727273;3;my316;MT11;BT247;50;3_247_50;exp8;MT11 (ancestral-like, slightly fuzzy)
72;18;10;28;0.642857143;2;my316;MT13;BT247;25;4_247_25;exp8;MT13 (ancestral-like, colony size variation)
72;19;10;29;0.655172414;1;my316;MT13;BT247;25;4_247_25;exp8;MT13 (ancestral-like, colony size variation)
72;20;11;31;0.64516129;3;my316;MT13;BT247;25;4_247_25;exp8;MT13 (ancestral-like, colony size variation)
77;26;0;26;1;1;my316;OP50;BT247;50;3_247_50;exp8;OP50
77;27;4;31;0.870967742;2;my316;OP50;BT247;50;3_247_50;exp8;OP50
77;23;2;25;0.92;3;my316;OP50;BT247;50;3_247_50;exp8;OP50
78;29;0;29;1;2;my316;MT12;BT407;25;1_407_25;exp8;MT12 (wrinkly)
78;46;0;46;1;1;my316;MT12;BT407;25;1_407_25;exp8;MT12 (wrinkly)
78;26;0;26;1;3;my316;MT12;BT407;25;1_407_25;exp8;MT12 (wrinkly)
79;34;0;34;1;3;my316;MT11;BT247;100;2_247_100;exp8;MT11 (ancestral-like, slightly fuzzy)
79;30;0;30;1;2;my316;MT11;BT247;100;2_247_100;exp8;MT11 (ancestral-like, slightly fuzzy)
79;28;1;29;0.965517241;1;my316;MT11;BT247;100;2_247_100;exp8;MT11 (ancestral-like, slightly fuzzy)
80;36;0;36;1;1;my316;MYb11;BT407;25;1_407_25;exp8;MYb11
80;31;0;31;1;2;my316;MYb11;BT407;25;1_407_25;exp8;MYb11
80;28;2;30;0.933333333;3;my316;MYb11;BT407;25;1_407_25;exp8;MYb11
88;35;0;35;1;2;my316;MT12;BT247;50;3_247_50;exp8;MT12 (wrinkly)
88;38;1;39;0.974358974;3;my316;MT12;BT247;50;3_247_50;exp8;MT12 (wrinkly)
88;27;3;30;0.9;1;my316;MT12;BT247;50;3_247_50;exp8;MT12 (wrinkly)
89;25;0;25;1;1;my316;MYb11;BT247;100;2_247_100;exp8;MYb11
89;31;0;31;1;3;my316;MYb11;BT247;100;2_247_100;exp8;MYb11
89;31;0;31;1;2;my316;MYb11;BT247;100;2_247_100;exp8;MYb11
96;26;0;26;1;1;my316;OP50;BT247;100;2_247_100;exp8;OP50
96;25;0;25;1;2;my316;OP50;BT247;100;2_247_100;exp8;OP50
96;25;1;26;0.961538462;3;my316;OP50;BT247;100;2_247_100;exp8;OP50
97;42;0;42;1;2;my316;MT14;BT407;25;1_407_25;exp8;MT14 (wrinkly)
97;29;0;29;1;1;my316;MT14;BT407;25;1_407_25;exp8;MT14 (wrinkly)
97;38;1;39;0.974358974;3;my316;MT14;BT407;25;1_407_25;exp8;MT14 (wrinkly)
98;17;5;22;0.772727273;3;my316;MT14;BT247;25;4_247_25;exp8;MT14 (wrinkly)
98;22;5;27;0.814814815;1;my316;MT14;BT247;25;4_247_25;exp8;MT14 (wrinkly)
98;20;6;26;0.769230769;2;my316;MT14;BT247;25;4_247_25;exp8;MT14 (wrinkly)
15;1;29;30;0.033333333;1;my316;MT14;BT247;25;4_247_25;exp9;MT14 (wrinkly)
15;7;23;30;0.233333333;2;my316;MT14;BT247;25;4_247_25;exp9;MT14 (wrinkly)
15;3;21;24;0.125;3;my316;MT14;BT247;25;4_247_25;exp9;MT14 (wrinkly)
20;5;15;20;0.25;2;my316;MT11;BT247;25;4_247_25;exp9;MT11 (ancestral-like, slightly fuzzy)
20;5;15;20;0.25;1;my316;MT11;BT247;25;4_247_25;exp9;MT11 (ancestral-like, slightly fuzzy)
20;11;19;30;0.366666667;3;my316;MT11;BT247;25;4_247_25;exp9;MT11 (ancestral-like, slightly fuzzy)
23;32;0;32;1;2;my316;OP50;BT407;25;1_407_25;exp9;OP50
23;27;0;27;1;3;my316;OP50;BT407;25;1_407_25;exp9;OP50
23;28;0;28;1;1;my316;OP50;BT407;25;1_407_25;exp9;OP50
29;27;4;31;0.870967742;3;my316;MYb11;BT247;100;2_247_100;exp9;MYb11
29;26;3;29;0.896551724;1;my316;MYb11;BT247;100;2_247_100;exp9;MYb11
29;22;4;26;0.846153846;2;my316;MYb11;BT247;100;2_247_100;exp9;MYb11
30;26;4;30;0.866666667;2;my316;MT13;BT247;100;2_247_100;exp9;MT13 (ancestral-like, colony size variation)
30;15;6;21;0.714285714;3;my316;MT13;BT247;100;2_247_100;exp9;MT13 (ancestral-like, colony size variation)
30;16;10;26;0.615384615;1;my316;MT13;BT247;100;2_247_100;exp9;MT13 (ancestral-like, colony size variation)
34;22;2;24;0.916666667;1;my316;MT11;BT247;100;2_247_100;exp9;MT11 (ancestral-like, slightly fuzzy)
34;28;1;29;0.965517241;3;my316;MT11;BT247;100;2_247_100;exp9;MT11 (ancestral-like, slightly fuzzy)
34;28;2;30;0.933333333;2;my316;MT11;BT247;100;2_247_100;exp9;MT11 (ancestral-like, slightly fuzzy)
42;8;18;26;0.307692308;1;my316;MYb11;BT247;25;4_247_25;exp9;MYb11
42;16;11;27;0.592592593;3;my316;MYb11;BT247;25;4_247_25;exp9;MYb11
42;16;14;30;0.533333333;2;my316;MYb11;BT247;25;4_247_25;exp9;MYb11
48;21;7;28;0.75;3;my316;MT12;BT247;100;2_247_100;exp9;MT12 (wrinkly)
48;10;14;24;0.416666667;2;my316;MT12;BT247;100;2_247_100;exp9;MT12 (wrinkly)
48;21;8;29;0.724137931;1;my316;MT12;BT247;100;2_247_100;exp9;MT12 (wrinkly)
50;31;0;31;1;3;my316;MT13;BT407;25;1_407_25;exp9;MT13 (ancestral-like, colony size variation)
50;31;0;31;1;1;my316;MT13;BT407;25;1_407_25;exp9;MT13 (ancestral-like, colony size variation)
50;33;0;33;1;2;my316;MT13;BT407;25;1_407_25;exp9;MT13 (ancestral-like, colony size variation)
55;20;8;28;0.714285714;2;my316;MYb11;BT247;50;3_247_50;exp9;MYb11
55;15;3;18;0.833333333;3;my316;MYb11;BT247;50;3_247_50;exp9;MYb11
55;17;10;27;0.62962963;1;my316;MYb11;BT247;50;3_247_50;exp9;MYb11
58;35;0;35;1;2;my316;OP50;BT247;100;2_247_100;exp9;OP50
58;35;0;35;1;1;my316;OP50;BT247;100;2_247_100;exp9;OP50
58;32;0;32;1;3;my316;OP50;BT247;100;2_247_100;exp9;OP50
68;29;0;29;1;2;my316;MT11;BT407;25;1_407_25;exp9;MT11 (ancestral-like, slightly fuzzy)
68;29;0;29;1;3;my316;MT11;BT407;25;1_407_25;exp9;MT11 (ancestral-like, slightly fuzzy)
68;31;0;31;1;1;my316;MT11;BT407;25;1_407_25;exp9;MT11 (ancestral-like, slightly fuzzy)
69;14;14;28;0.5;3;my316;MT13;BT247;50;3_247_50;exp9;MT13 (ancestral-like, colony size variation)
69;16;11;27;0.592592593;1;my316;MT13;BT247;50;3_247_50;exp9;MT13 (ancestral-like, colony size variation)
69;11;5;16;0.6875;2;my316;MT13;BT247;50;3_247_50;exp9;MT13 (ancestral-like, colony size variation)
73;34;0;34;1;1;my316;MT14;BT407;25;1_407_25;exp9;MT14 (wrinkly)
73;29;0;29;1;3;my316;MT14;BT407;25;1_407_25;exp9;MT14 (wrinkly)
73;29;0;29;1;2;my316;MT14;BT407;25;1_407_25;exp9;MT14 (wrinkly)
74;10;14;24;0.416666667;2;my316;MT14;BT247;50;3_247_50;exp9;MT14 (wrinkly)
74;7;16;23;0.304347826;3;my316;MT14;BT247;50;3_247_50;exp9;MT14 (wrinkly)
74;5;18;23;0.217391304;1;my316;MT14;BT247;50;3_247_50;exp9;MT14 (wrinkly)
75;5;23;28;0.178571429;1;my316;MT14;BT247;100;2_247_100;exp9;MT14 (wrinkly)
75;5;16;21;0.238095238;2;my316;MT14;BT247;100;2_247_100;exp9;MT14 (wrinkly)
75;7;24;31;0.225806452;3;my316;MT14;BT247;100;2_247_100;exp9;MT14 (wrinkly)
76;30;0;30;1;3;my316;MYb11;BT407;25;1_407_25;exp9;MYb11
76;30;0;30;1;2;my316;MYb11;BT407;25;1_407_25;exp9;MYb11
76;31;0;31;1;1;my316;MYb11;BT407;25;1_407_25;exp9;MYb11
81;14;12;26;0.538461538;2;my316;MT12;BT247;50;3_247_50;exp9;MT12 (wrinkly)
81;16;10;26;0.615384615;3;my316;MT12;BT247;50;3_247_50;exp9;MT12 (wrinkly)
81;7;19;26;0.269230769;1;my316;MT12;BT247;50;3_247_50;exp9;MT12 (wrinkly)
82;13;8;21;0.619047619;2;my316;MT11;BT247;50;3_247_50;exp9;MT11 (ancestral-like, slightly fuzzy)
82;11;7;18;0.611111111;3;my316;MT11;BT247;50;3_247_50;exp9;MT11 (ancestral-like, slightly fuzzy)
82;20;8;28;0.714285714;1;my316;MT11;BT247;50;3_247_50;exp9;MT11 (ancestral-like, slightly fuzzy)
84;30;0;30;1;2;my316;OP50;BT247;50;3_247_50;exp9;OP50
84;29;1;30;0.966666667;1;my316;OP50;BT247;50;3_247_50;exp9;OP50
89;4;20;24;0.166666667;2;my316;MT12;BT247;25;4_247_25;exp9;MT12 (wrinkly)
89;7;22;29;0.24137931;3;my316;MT12;BT247;25;4_247_25;exp9;MT12 (wrinkly)
89;2;18;20;0.1;1;my316;MT12;BT247;25;4_247_25;exp9;MT12 (wrinkly)
90;26;5;31;0.838709677;2;my316;OP50;BT247;25;4_247_25;exp9;OP50
90;19;4;23;0.826086957;1;my316;OP50;BT247;25;4_247_25;exp9;OP50
94;27;0;27;1;3;my316;MT12;BT407;25;1_407_25;exp9;MT12 (wrinkly)
94;28;0;28;1;1;my316;MT12;BT407;25;1_407_25;exp9;MT12 (wrinkly)
94;27;0;27;1;2;my316;MT12;BT407;25;1_407_25;exp9;MT12 (wrinkly)
96;7;13;20;0.35;1;my316;MT13;BT247;25;4_247_25;exp9;MT13 (ancestral-like, colony size variation)
96;8;24;32;0.25;3;my316;MT13;BT247;25;4_247_25;exp9;MT13 (ancestral-like, colony size variation)
96;6;11;17;0.352941176;2;my316;MT13;BT247;25;4_247_25;exp9;MT13 (ancestral-like, colony size variation)
15;21;4;25;0.84;3;my316;MT11;BT247;50;3_247_50;exp10;MT11 (ancestral-like, slightly fuzzy)
15;26;1;27;0.962962963;2;my316;MT11;BT247;50;3_247_50;exp10;MT11 (ancestral-like, slightly fuzzy)
15;26;0;26;1;1;my316;MT11;BT247;50;3_247_50;exp10;MT11 (ancestral-like, slightly fuzzy)
18;28;0;28;1;1;my316;MT14;BT407;25;1_407_25;exp10;MT14 (wrinkly)
18;38;0;38;1;3;my316;MT14;BT407;25;1_407_25;exp10;MT14 (wrinkly)
18;33;0;33;1;2;my316;MT14;BT407;25;1_407_25;exp10;MT14 (wrinkly)
20;28;0;28;1;2;my316;OP50;BT247;100;2_247_100;exp10;OP50
20;27;2;29;0.931034483;3;my316;OP50;BT247;100;2_247_100;exp10;OP50
20;25;2;27;0.925925926;1;my316;OP50;BT247;100;2_247_100;exp10;OP50
28;27;0;27;1;3;my316;MT12;BT247;100;2_247_100;exp10;MT12 (wrinkly)
28;27;0;27;1;1;my316;MT12;BT247;100;2_247_100;exp10;MT12 (wrinkly)
28;29;0;29;1;2;my316;MT12;BT247;100;2_247_100;exp10;MT12 (wrinkly)
32;9;15;24;0.375;3;my316;MT13;BT247;25;4_247_25;exp10;MT13 (ancestral-like, colony size variation)
32;19;10;29;0.655172414;1;my316;MT13;BT247;25;4_247_25;exp10;MT13 (ancestral-like, colony size variation)
32;24;5;29;0.827586207;3;my316;MT13;BT247;25;4_247_25;exp10;MT13 (ancestral-like, colony size variation)
34;32;0;32;1;1;my316;OP50;BT407;25;1_407_25;exp10;OP50
34;30;0;30;1;2;my316;OP50;BT407;25;1_407_25;exp10;OP50
34;30;0;30;1;3;my316;OP50;BT407;25;1_407_25;exp10;OP50
39;9;22;31;0.290322581;3;my316;MT11;BT247;25;4_247_25;exp10;MT11 (ancestral-like, slightly fuzzy)
39;14;12;26;0.538461538;1;my316;MT11;BT247;25;4_247_25;exp10;MT11 (ancestral-like, slightly fuzzy)
39;13;13;26;0.5;2;my316;MT11;BT247;25;4_247_25;exp10;MT11 (ancestral-like, slightly fuzzy)
44;26;0;26;1;3;my316;MT13;BT247;100;2_247_100;exp10;MT13 (ancestral-like, colony size variation)
44;23;0;23;1;2;my316;MT13;BT247;100;2_247_100;exp10;MT13 (ancestral-like, colony size variation)
44;30;0;30;1;1;my316;MT13;BT247;100;2_247_100;exp10;MT13 (ancestral-like, colony size variation)
46;31;0;31;1;3;my316;MT14;BT247;100;2_247_100;exp10;MT14 (wrinkly)
46;25;0;25;1;2;my316;MT14;BT247;100;2_247_100;exp10;MT14 (wrinkly)
46;27;0;27;1;1;my316;MT14;BT247;100;2_247_100;exp10;MT14 (wrinkly)
48;26;5;31;0.838709677;3;my316;OP50;BT247;50;3_247_50;exp10;OP50
48;29;6;35;0.828571429;2;my316;OP50;BT247;50;3_247_50;exp10;OP50
48;22;7;29;0.75862069;1;my316;OP50;BT247;50;3_247_50;exp10;OP50
49;31;0;31;1;3;my316;MT11;BT407;25;1_407_25;exp10;MT11 (ancestral-like, slightly fuzzy)
49;31;0;31;1;2;my316;MT11;BT407;25;1_407_25;exp10;MT11 (ancestral-like, slightly fuzzy)
49;29;1;30;0.966666667;1;my316;MT11;BT407;25;1_407_25;exp10;MT11 (ancestral-like, slightly fuzzy)
50;11;14;25;0.44;2;my316;MT14;BT247;25;4_247_25;exp10;MT14 (wrinkly)
50;24;10;34;0.705882353;1;my316;MT14;BT247;25;4_247_25;exp10;MT14 (wrinkly)
50;19;5;24;0.791666667;3;my316;MT14;BT247;25;4_247_25;exp10;MT14 (wrinkly)
55;27;3;30;0.9;2;my316;MT14;BT247;50;3_247_50;exp10;MT14 (wrinkly)
55;29;1;30;0.966666667;1;my316;MT14;BT247;50;3_247_50;exp10;MT14 (wrinkly)
55;22;5;27;0.814814815;3;my316;MT14;BT247;50;3_247_50;exp10;MT14 (wrinkly)
57;29;0;29;1;1;my316;MYb11;BT247;50;3_247_50;exp10;MYb11
57;30;1;31;0.967741935;3;my316;MYb11;BT247;50;3_247_50;exp10;MYb11
57;35;0;35;1;2;my316;MYb11;BT247;50;3_247_50;exp10;MYb11
59;25;5;30;0.833333333;1;my316;MT13;BT247;50;3_247_50;exp10;MT13 (ancestral-like, colony size variation)
59;24;1;25;0.96;2;my316;MT13;BT247;50;3_247_50;exp10;MT13 (ancestral-like, colony size variation)
59;34;1;35;0.971428571;3;my316;MT13;BT247;50;3_247_50;exp10;MT13 (ancestral-like, colony size variation)
61;30;0;30;1;1;my316;MT13;BT407;25;1_407_25;exp10;MT13 (ancestral-like, colony size variation)
61;31;0;31;1;3;my316;MT13;BT407;25;1_407_25;exp10;MT13 (ancestral-like, colony size variation)
61;31;0;31;1;2;my316;MT13;BT407;25;1_407_25;exp10;MT13 (ancestral-like, colony size variation)
62;29;1;30;0.966666667;1;my316;MYb11;BT247;100;2_247_100;exp10;MYb11
62;26;0;26;1;2;my316;MYb11;BT247;100;2_247_100;exp10;MYb11
62;21;0;21;1;3;my316;MYb11;BT247;100;2_247_100;exp10;MYb11
67;25;0;25;1;1;my316;MYb11;BT407;25;1_407_25;exp10;MYb11
67;32;0;32;1;3;my316;MYb11;BT407;25;1_407_25;exp10;MYb11
67;27;0;27;1;2;my316;MYb11;BT407;25;1_407_25;exp10;MYb11
68;17;9;26;0.653846154;3;my316;MYb11;BT247;25;4_247_25;exp10;MYb11
68;14;10;24;0.583333333;1;my316;MYb11;BT247;25;4_247_25;exp10;MYb11
68;8;17;25;0.32;2;my316;MYb11;BT247;25;4_247_25;exp10;MYb11
71;30;0;30;1;2;my316;MT12;BT407;25;1_407_25;exp10;MT12 (wrinkly)
71;30;0;30;1;3;my316;MT12;BT407;25;1_407_25;exp10;MT12 (wrinkly)
71;32;0;32;1;1;my316;MT12;BT407;25;1_407_25;exp10;MT12 (wrinkly)
74;31;0;31;1;1;my316;MT11;BT247;100;2_247_100;exp10;MT11 (ancestral-like, slightly fuzzy)
74;27;0;27;1;3;my316;MT11;BT247;100;2_247_100;exp10;MT11 (ancestral-like, slightly fuzzy)
74;26;0;26;1;2;my316;MT11;BT247;100;2_247_100;exp10;MT11 (ancestral-like, slightly fuzzy)
84;16;14;30;0.533333333;1;my316;OP50;BT247;25;4_247_25;exp10;OP50
84;17;8;25;0.68;3;my316;OP50;BT247;25;4_247_25;exp10;OP50
84;9;18;27;0.333333333;2;my316;OP50;BT247;25;4_247_25;exp10;OP50
96;25;1;26;0.961538462;3;my316;MT12;BT247;50;3_247_50;exp10;MT12 (wrinkly)
96;29;0;29;1;1;my316;MT12;BT247;50;3_247_50;exp10;MT12 (wrinkly)
96;20;2;22;0.909090909;2;my316;MT12;BT247;50;3_247_50;exp10;MT12 (wrinkly)
97;11;10;21;0.523809524;1;my316;MT12;BT247;25;4_247_25;exp10;MT12 (wrinkly)
97;19;5;24;0.791666667;3;my316;MT12;BT247;25;4_247_25;exp10;MT12 (wrinkly)
97;19;7;26;0.730769231;2;my316;MT12;BT247;25;4_247_25;exp10;MT12 (wrinkly)
